"DESCRIPTION","DURATION IN MS","NAME","PARENT SUITE","START TIME","STATUS","STOP TIME","SUB SUITE","SUITE","TEST CLASS","TEST METHOD"
"GET /users page query returns consistent per_page","22","listUsers_hasExpectedPerPage","ReqRes API Suite","Fri Oct 09 10:03:03 UTC 2026","passed","Fri Oct 09 10:03:03 UTC 2026","com.satyam.api.tests.UsersApiTest","Users API","com.satyam.api.tests.UsersApiTest","listUsers_hasExpectedPerPage"
"POST /users creates a user (data-driven from JSON)","175","createUser_returns201WithId","ReqRes API Suite","Fri Oct 09 10:03:03 UTC 2026","passed","Fri Oct 09 10:03:03 UTC 2026","com.satyam.api.tests.UsersApiTest","Users API","com.satyam.api.tests.UsersApiTest","createUser_returns201WithId"
"POST /users creates a user (data-driven from JSON)","172","createUser_returns201WithId","ReqRes API Suite","Fri Oct 09 10:02:52 UTC 2026","passed","Fri Oct 09 10:02:52 UTC 2026","com.satyam.api.tests.UsersApiTest","Users API","com.satyam.api.tests.UsersApiTest","createUser_returns201WithId"
"DELETE /users/{id} returns 204","8","deleteUser_returns204","ReqRes API Suite","Fri Oct 09 10:03:03 UTC 2026","passed","Fri Oct 09 10:03:03 UTC 2026","com.satyam.api.tests.UsersApiTest","Users API","com.satyam.api.tests.UsersApiTest","deleteUser_returns204"
"GET /users list response matches JSON schema","24","listUsers_matchesJsonSchema","ReqRes API Suite","Fri Oct 09 10:03:03 UTC 2026","passed","Fri Oct 09 10:03:03 UTC 2026","com.satyam.api.tests.UsersApiTest","Users API","com.satyam.api.tests.UsersApiTest","listUsers_matchesJsonSchema"
"POST /register without password returns 400","49","register_missingPassword_returns400","ReqRes API Suite","Fri Oct 09 10:03:03 UTC 2026","passed","Fri Oct 09 10:03:03 UTC 2026","com.satyam.api.tests.UsersApiTest","Users API","com.satyam.api.tests.UsersApiTest","register_missingPassword_returns400"
"POST /users creates a user (data-driven from JSON)","26","createUser_returns201WithId","ReqRes API Suite","Fri Oct 09 10:03:03 UTC 2026","passed","Fri Oct 09 10:03:03 UTC 2026","com.satyam.api.tests.UsersApiTest","Users API","com.satyam.api.tests.UsersApiTest","createUser_returns201WithId"
"POST /register with valid demo credentials returns token","22","register_valid_returnsToken","ReqRes API Suite","Fri Oct 09 10:03:03 UTC 2026","passed","Fri Oct 09 10:03:03 UTC 2026","com.satyam.api.tests.UsersApiTest","Users API","com.satyam.api.tests.UsersApiTest","register_valid_returnsToken"
"GET /users/{id} returns JSON content type","20","getSingleUser_contentTypeIsJson","ReqRes API Suite","Fri Oct 09 10:03:03 UTC 2026","passed","Fri Oct 09 10:03:03 UTC 2026","com.satyam.api.tests.UsersApiTest","Users API","com.satyam.api.tests.UsersApiTest","getSingleUser_contentTypeIsJson"
"POST /users creates a user (data-driven from JSON)","172","createUser_returns201WithId","ReqRes API Suite","Fri Oct 09 10:02:52 UTC 2026","passed","Fri Oct 09 10:02:52 UTC 2026","com.satyam.api.tests.UsersApiTest","Users API","com.satyam.api.tests.UsersApiTest","createUser_returns201WithId"
"GET /users/{id} responds within 2 seconds","15","getSingleUser_responseTimeUnder2s","ReqRes API Suite","Fri Oct 09 10:03:03 UTC 2026","passed","Fri Oct 09 10:03:03 UTC 2026","com.satyam.api.tests.UsersApiTest","Users API","com.satyam.api.tests.UsersApiTest","getSingleUser_responseTimeUnder2s"
"POST /users creates a user (data-driven from JSON)","35","createUser_returns201WithId","ReqRes API Suite","Fri Oct 09 10:03:03 UTC 2026","passed","Fri Oct 09 10:03:03 UTC 2026","com.satyam.api.tests.UsersApiTest","Users API","com.satyam.api.tests.UsersApiTest","createUser_returns201WithId"
"GET /users beyond last page returns empty data array","18","listUsers_pageBeyondTotal_returnsEmptyData","ReqRes API Suite","Fri Oct 09 10:03:03 UTC 2026","passed","Fri Oct 09 10:03:03 UTC 2026","com.satyam.api.tests.UsersApiTest","Users API","com.satyam.api.tests.UsersApiTest","listUsers_pageBeyondTotal_returnsEmptyData"
"GET /users/{id} includes support metadata block","19","getSingleUser_includesSupportBlock","ReqRes API Suite","Fri Oct 09 10:03:03 UTC 2026","passed","Fri Oct 09 10:03:03 UTC 2026","com.satyam.api.tests.UsersApiTest","Users API","com.satyam.api.tests.UsersApiTest","getSingleUser_includesSupportBlock"
"POST /login with valid demo credentials returns token","16","login_valid_returnsToken","ReqRes API Suite","Fri Oct 09 10:03:03 UTC 2026","passed","Fri Oct 09 10:03:03 UTC 2026","com.satyam.api.tests.UsersApiTest","Users API","com.satyam.api.tests.UsersApiTest","login_valid_returnsToken"
"POST /login with unknown email returns 400","12","login_unknownEmail_returns400","ReqRes API Suite","Fri Oct 09 10:03:03 UTC 2026","passed","Fri Oct 09 10:03:03 UTC 2026","com.satyam.api.tests.UsersApiTest","Users API","com.satyam.api.tests.UsersApiTest","login_unknownEmail_returns400"
"GET missing user returns 404","8","getMissingUser_returns404","ReqRes API Suite","Fri Oct 09 10:03:03 UTC 2026","passed","Fri Oct 09 10:03:03 UTC 2026","com.satyam.api.tests.UsersApiTest","Users API","com.satyam.api.tests.UsersApiTest","getMissingUser_returns404"
"PATCH /users/{id} partially updates job","22","updateUserPatch_returns200","ReqRes API Suite","Fri Oct 09 10:03:03 UTC 2026","passed","Fri Oct 09 10:03:03 UTC 2026","com.satyam.api.tests.UsersApiTest","Users API","com.satyam.api.tests.UsersApiTest","updateUserPatch_returns200"
"PUT /users/{id} updates name and job","33","updateUserPut_returns200","ReqRes API Suite","Fri Oct 09 10:03:03 UTC 2026","passed","Fri Oct 09 10:03:03 UTC 2026","com.satyam.api.tests.UsersApiTest","Users API","com.satyam.api.tests.UsersApiTest","updateUserPut_returns200"
"GET /users list exposes total_pages for pagination planning","20","listUsers_declaresTotalPages","ReqRes API Suite","Fri Oct 09 10:03:03 UTC 2026","passed","Fri Oct 09 10:03:03 UTC 2026","com.satyam.api.tests.UsersApiTest","Users API","com.satyam.api.tests.UsersApiTest","listUsers_declaresTotalPages"
"Create then deserialize POJO round-trip","8","createUser_pojoRoundTrip","ReqRes API Suite","Fri Oct 09 10:03:03 UTC 2026","passed","Fri Oct 09 10:03:03 UTC 2026","com.satyam.api.tests.UsersApiTest","Users API","com.satyam.api.tests.UsersApiTest","createUser_pojoRoundTrip"
"POST /login without password returns 400","17","login_missingPassword_returns400","ReqRes API Suite","Fri Oct 09 10:03:03 UTC 2026","passed","Fri Oct 09 10:03:03 UTC 2026","com.satyam.api.tests.UsersApiTest","Users API","com.satyam.api.tests.UsersApiTest","login_missingPassword_returns400"
"GET /users/{id} response matches JSON schema","162","getSingleUser_matchesJsonSchema","ReqRes API Suite","Fri Oct 09 10:03:02 UTC 2026","passed","Fri Oct 09 10:03:03 UTC 2026","com.satyam.api.tests.UsersApiTest","Users API","com.satyam.api.tests.UsersApiTest","getSingleUser_matchesJsonSchema"
"GET /users?page=2 returns a page of users","71","listUsers_page2_returnsDataArray","ReqRes API Suite","Fri Oct 09 10:03:03 UTC 2026","passed","Fri Oct 09 10:03:03 UTC 2026","com.satyam.api.tests.UsersApiTest","Users API","com.satyam.api.tests.UsersApiTest","listUsers_page2_returnsDataArray"
"Pagination page 1 and page 2 return different first user ids","63","listUsers_page1AndPage2_firstUserIdsDiffer","ReqRes API Suite","Fri Oct 09 10:03:03 UTC 2026","passed","Fri Oct 09 10:03:03 UTC 2026","com.satyam.api.tests.UsersApiTest","Users API","com.satyam.api.tests.UsersApiTest","listUsers_page1AndPage2_firstUserIdsDiffer"
"POST /register without email returns 400","12","register_missingEmail_returns400","ReqRes API Suite","Fri Oct 09 10:03:03 UTC 2026","passed","Fri Oct 09 10:03:03 UTC 2026","com.satyam.api.tests.UsersApiTest","Users API","com.satyam.api.tests.UsersApiTest","register_missingEmail_returns400"
"GET /users/{id} returns a single known user","1521","getSingleUser_returns200AndExpectedEmail","ReqRes API Suite","Fri Oct 09 10:03:01 UTC 2026","passed","Fri Oct 09 10:03:02 UTC 2026","com.satyam.api.tests.UsersApiTest","Users API","com.satyam.api.tests.UsersApiTest","getSingleUser_returns200AndExpectedEmail"
"POST /users creates a user (data-driven from JSON)","342","createUser_returns201WithId","ReqRes API Suite","Fri Oct 09 10:02:52 UTC 2026","passed","Fri Oct 09 10:02:52 UTC 2026","com.satyam.api.tests.UsersApiTest","Users API","com.satyam.api.tests.UsersApiTest","createUser_returns201WithId"
